query_id,source,method,anchor_positions,normalized_jsd,base_entropy_nats,method_entropy_nats,entropy_retention
amc23:3f1690da831c19579866169a921172ddf33989c23288d773b56fe6e4d3b90453,amc23,Privilege-SD 64,16,0.06329810619354248,0.05759439989924431,0.057789355516433716,1.0033849477767944
amc23:3f1690da831c19579866169a921172ddf33989c23288d773b56fe6e4d3b90453,amc23,TRSD 64,16,0.06690714508295059,0.05759439989924431,0.02482372708618641,0.4310093820095062
amc23:34f4eefeef254c3a884a85c1c95fcbf5a3470810327b2f6a0efa3f2bc1645f59,amc23,Privilege-SD 64,16,0.010600224137306213,0.07342903316020966,0.024231597781181335,0.33000022172927856
amc23:34f4eefeef254c3a884a85c1c95fcbf5a3470810327b2f6a0efa3f2bc1645f59,amc23,TRSD 64,16,0.010685103014111519,0.07342903316020966,0.008911673910915852,0.12136444449424744
amc23:d8be75e401c85ac9cbb59c23ce5db98a46bcdbc20a3859432d3e6c100c944874,amc23,Privilege-SD 64,16,0.032049551606178284,0.12044177949428558,0.12882661819458008,1.0696173906326294
amc23:d8be75e401c85ac9cbb59c23ce5db98a46bcdbc20a3859432d3e6c100c944874,amc23,TRSD 64,16,0.04069361090660095,0.12044177949428558,0.10210928320884705,0.8477895855903625
aime25:a3145c72cb6b4a78a74d3e97d669d29a5eeb277efb9f6492e9873d0d3fbfd0c4,aime25,Privilege-SD 64,16,0.06021764874458313,0.23279236257076263,0.32276949286460876,1.3865123987197876
aime25:a3145c72cb6b4a78a74d3e97d669d29a5eeb277efb9f6492e9873d0d3fbfd0c4,aime25,TRSD 64,16,0.0713871419429779,0.23279236257076263,0.23509624600410461,1.0098967552185059
amc23:a4b1b6d256739cb4069a3eb0f39780e2949541618d3b2f5dca0a98a103a4fe3f,amc23,Privilege-SD 64,16,0.07773846387863159,0.1295376420021057,0.09313888847827911,0.7190102338790894
amc23:a4b1b6d256739cb4069a3eb0f39780e2949541618d3b2f5dca0a98a103a4fe3f,amc23,TRSD 64,16,0.09067997336387634,0.1295376420021057,0.05105841904878616,0.3941589295864105
aime24:43afc8d2eb636c35477cc9ac8f1db3563134d10673beb9fb808c45dbc3021e51,aime24,Privilege-SD 64,16,0.02788834273815155,0.17458006739616394,0.16981612145900726,0.972711980342865
aime24:43afc8d2eb636c35477cc9ac8f1db3563134d10673beb9fb808c45dbc3021e51,aime24,TRSD 64,16,0.03473581373691559,0.17458006739616394,0.11546163260936737,0.6613677740097046
amc23:698343f47eddf760b7d123e1c71022dd959481f5a399b7808c07b85478b4d429,amc23,Privilege-SD 64,16,0.019123410806059837,0.18696928024291992,0.1407995969057083,0.7530627250671387
amc23:698343f47eddf760b7d123e1c71022dd959481f5a399b7808c07b85478b4d429,amc23,TRSD 64,16,0.020658090710639954,0.18696928024291992,0.10986883193254471,0.5876303911209106
amc23:3892f9b402cc1d4397e455e7089d89f26d79e7b23c70641bfd48aad6b2bcfad1,amc23,Privilege-SD 64,16,0.008913512341678143,0.09428618103265762,0.09027847647666931,0.9574942588806152
amc23:3892f9b402cc1d4397e455e7089d89f26d79e7b23c70641bfd48aad6b2bcfad1,amc23,TRSD 64,16,0.012412876822054386,0.09428618103265762,0.032340046018362045,0.34299880266189575
amc23:ad788c6148fcbff56c1020045accf4196e61cca7bb79b2ebba00ab5fcabcdace,amc23,Privilege-SD 64,16,0.02173626236617565,0.39450937509536743,0.3559085726737976,0.9021549224853516
amc23:ad788c6148fcbff56c1020045accf4196e61cca7bb79b2ebba00ab5fcabcdace,amc23,TRSD 64,16,0.044830236583948135,0.39450937509536743,0.25869837403297424,0.65574711561203
amc23:5716b1b1c4594746531529f5053ad11baa3547a5c1749f205cd888a38684a97e,amc23,Privilege-SD 64,16,0.07586096972227097,0.2253795713186264,0.30485251545906067,1.3526182174682617
amc23:5716b1b1c4594746531529f5053ad11baa3547a5c1749f205cd888a38684a97e,amc23,TRSD 64,16,0.08271856606006622,0.2253795713186264,0.23504100739955902,1.0428674221038818
amc23:f870fac68b39e70cf099bfb00bc8e209f50e5bf971b2235fae70b8fcef416c6b,amc23,Privilege-SD 64,16,0.02969893254339695,0.23638811707496643,0.2632289528846741,1.1135456562042236
amc23:f870fac68b39e70cf099bfb00bc8e209f50e5bf971b2235fae70b8fcef416c6b,amc23,TRSD 64,16,0.032673098146915436,0.23638811707496643,0.2332921028137207,0.9869028329849243
amc23:58acf5dc1f9727ce938f56f20027e414f8a659298989aaf03fd200637a052df8,amc23,Privilege-SD 64,16,0.024216465651988983,0.21757975220680237,0.15383629500865936,0.7070340514183044
amc23:58acf5dc1f9727ce938f56f20027e414f8a659298989aaf03fd200637a052df8,amc23,TRSD 64,16,0.040667206048965454,0.21757975220680237,0.11538389325141907,0.5303062200546265
amc23:7fb869044130dbc4b46c9b0be3702d8cab9143fe52c089694f0e93315b931b1b,amc23,Privilege-SD 64,16,0.03780033811926842,0.35032689571380615,0.25585660338401794,0.7303367257118225
amc23:7fb869044130dbc4b46c9b0be3702d8cab9143fe52c089694f0e93315b931b1b,amc23,TRSD 64,16,0.05657539889216423,0.35032689571380615,0.15142722427845,0.43224549293518066
amc23:ee87beeb37a38aaf69fbae16f50f1a29b67ba132258875a444b04974a83a1f36,amc23,Privilege-SD 64,16,0.0104293217882514,0.13648700714111328,0.09611588716506958,0.7042127251625061
amc23:ee87beeb37a38aaf69fbae16f50f1a29b67ba132258875a444b04974a83a1f36,amc23,TRSD 64,16,0.008946126326918602,0.13648700714111328,0.08813273161649704,0.645722508430481
amc23:81d580f5223b433e347e989677a0e1344a8503a15c1910968ada106d0db1c6fb,amc23,Privilege-SD 64,16,0.0195426307618618,0.14477494359016418,0.20516332983970642,1.417119026184082
amc23:81d580f5223b433e347e989677a0e1344a8503a15c1910968ada106d0db1c6fb,amc23,TRSD 64,16,0.018142957240343094,0.14477494359016418,0.15927645564079285,1.100165843963623
amc23:bbac3f52c8639878c026e2f5bba5b6259aa35376ae7508468cdade8ffd559214,amc23,Privilege-SD 64,16,0.06695881485939026,0.12244774401187897,0.10394258797168732,0.8488730192184448
amc23:bbac3f52c8639878c026e2f5bba5b6259aa35376ae7508468cdade8ffd559214,amc23,TRSD 64,16,0.07375847548246384,0.12244774401187897,0.07640397548675537,0.6239721179008484
aime25:5929f4e54395fb2b0307ee301f378585b1ab7198464ade7e5b24d85fe997ba64,aime25,Privilege-SD 64,16,0.04829094558954239,0.37325558066368103,0.32500597834587097,0.8707330822944641
aime25:5929f4e54395fb2b0307ee301f378585b1ab7198464ade7e5b24d85fe997ba64,aime25,TRSD 64,16,0.07310160994529724,0.37325558066368103,0.2139405906200409,0.5731745362281799
amc23:d31000037cb3644393d26e571c65e04594f86638450b81264d7afaa99a381424,amc23,Privilege-SD 64,16,0.029719362035393715,0.2813676595687866,0.19484800100326538,0.6925032138824463
amc23:d31000037cb3644393d26e571c65e04594f86638450b81264d7afaa99a381424,amc23,TRSD 64,16,0.041143231093883514,0.2813676595687866,0.1399575173854828,0.4974186420440674
amc23:b4dc7e5ecb380931af87eaba0cab03290a583a827b1fc07e5339a8746cd64714,amc23,Privilege-SD 64,16,0.03181017190217972,0.18387621641159058,0.18301063776016235,0.995292603969574
amc23:b4dc7e5ecb380931af87eaba0cab03290a583a827b1fc07e5339a8746cd64714,amc23,TRSD 64,16,0.03528803214430809,0.18387621641159058,0.1417674422264099,0.7709938883781433
amc23:1dfd51df023fb8dfae8597934e33833b5452340070de57effb11919c9ed03bd9,amc23,Privilege-SD 64,16,0.028098758310079575,0.19166593253612518,0.11942213773727417,0.6230744123458862
amc23:1dfd51df023fb8dfae8597934e33833b5452340070de57effb11919c9ed03bd9,amc23,TRSD 64,16,0.03891095146536827,0.19166593253612518,0.07191766053438187,0.3752240240573883
amc23:f4205ea4b7ccc91f035f07c9dab5a6bea9da1345980c68717b4c5752e2770da7,amc23,Privilege-SD 64,16,0.011238298378884792,0.05693962797522545,0.06518296152353287,1.144773244857788
amc23:f4205ea4b7ccc91f035f07c9dab5a6bea9da1345980c68717b4c5752e2770da7,amc23,TRSD 64,16,0.008717553690075874,0.05693962797522545,0.04965022951364517,0.8719802498817444
amc23:81371eaa87d2e9f9e9f02f961589b0db553f40722a9016043ea2c83d74a6afbd,amc23,Privilege-SD 64,16,0.021803151816129684,0.15964964032173157,0.12095550447702408,0.7576309442520142
amc23:81371eaa87d2e9f9e9f02f961589b0db553f40722a9016043ea2c83d74a6afbd,amc23,TRSD 64,16,0.03476849943399429,0.15964964032173157,0.07176035642623901,0.44948649406433105
amc23:6529281306a5556f2db9b18525e46452f6f434440ea85593b77c4178f76b4486,amc23,Privilege-SD 64,16,0.02792973816394806,0.3907683491706848,0.2893485426902771,0.7404605150222778
amc23:6529281306a5556f2db9b18525e46452f6f434440ea85593b77c4178f76b4486,amc23,TRSD 64,16,0.043758492916822433,0.3907683491706848,0.20245712995529175,0.5181001424789429
amc23:34b7e15dd5e80ce908acd5ffc9ef6872ad9a431acd41064f96910a3a21cda033,amc23,Privilege-SD 64,16,0.04178072512149811,0.2820899188518524,0.166637122631073,0.5907233953475952
amc23:34b7e15dd5e80ce908acd5ffc9ef6872ad9a431acd41064f96910a3a21cda033,amc23,TRSD 64,16,0.05301930755376816,0.2820899188518524,0.10004203021526337,0.35464587807655334
amc23:fc61934c458afc9cb297c62cbad9d3e1f14c4030c57317b38974c14c851701a6,amc23,Privilege-SD 64,16,0.08869166672229767,0.5011682510375977,0.5586646795272827,1.1147247552871704
amc23:fc61934c458afc9cb297c62cbad9d3e1f14c4030c57317b38974c14c851701a6,amc23,TRSD 64,16,0.1019715666770935,0.5011682510375977,0.44513562321662903,0.8881959915161133
aime24:4ac3065bc26a845b46441d6ac16384a62e01f9a7c595720272bbc0b316201e6d,aime24,Privilege-SD 64,16,0.05400330573320389,0.2411929965019226,0.1868060678243637,0.7745086550712585
aime24:4ac3065bc26a845b46441d6ac16384a62e01f9a7c595720272bbc0b316201e6d,aime24,TRSD 64,16,0.06267642974853516,0.2411929965019226,0.12653648853302002,0.5246275663375854
amc23:41eb3f5f38c5931eaf64054a5654ff42abafa6d50eb6dccf93159cabdf2435fe,amc23,Privilege-SD 64,16,0.014888308942317963,0.13922321796417236,0.10786428302526474,0.7747578620910645
amc23:41eb3f5f38c5931eaf64054a5654ff42abafa6d50eb6dccf93159cabdf2435fe,amc23,TRSD 64,16,0.01473034918308258,0.13922321796417236,0.09645205736160278,0.6927871704101562
amc23:887a1c3ca2685a71c47a6c01ba448769d51c198ea517b8f55d3e741876b4088d,amc23,Privilege-SD 64,16,0.043026067316532135,0.1804928183555603,0.16492639482021332,0.9137560129165649
amc23:887a1c3ca2685a71c47a6c01ba448769d51c198ea517b8f55d3e741876b4088d,amc23,TRSD 64,16,0.05252404883503914,0.1804928183555603,0.13476572930812836,0.7466542720794678
amc23:6bc26377a24cf0a1b625373d8ea738bd6ec8432a2b11e88a33c19012d7fd0129,amc23,Privilege-SD 64,16,0.04716859012842178,0.09067279100418091,0.11183544248342514,1.2333958148956299
amc23:6bc26377a24cf0a1b625373d8ea738bd6ec8432a2b11e88a33c19012d7fd0129,amc23,TRSD 64,16,0.06012194603681564,0.09067279100418091,0.09876980632543564,1.0892993211746216
amc23:bc3ba284e49260cf117c0de67d0e8298b140d1b0c85998e84a01813dd192d43a,amc23,Privilege-SD 64,16,0.03177801892161369,0.14784063398838043,0.1824554055929184,1.2341357469558716
amc23:bc3ba284e49260cf117c0de67d0e8298b140d1b0c85998e84a01813dd192d43a,amc23,TRSD 64,16,0.037411268800497055,0.14784063398838043,0.1515663117170334,1.025200605392456
amc23:c44d27282e47a9f05c02254b9072913d8f6bb1fb4775890ed8a107143a2ad64a,amc23,Privilege-SD 64,16,0.09709443151950836,0.25509464740753174,0.21145716309547424,0.8289361000061035
amc23:c44d27282e47a9f05c02254b9072913d8f6bb1fb4775890ed8a107143a2ad64a,amc23,TRSD 64,16,0.11655318737030029,0.25509464740753174,0.11238428205251694,0.44055914878845215
aime24:d7c47fba84b4bcd1b0fac5a069b1924a7827f3b015be620b42ae4c4e729d33b3,aime24,Privilege-SD 64,16,0.027523621916770935,0.23554342985153198,0.18083971738815308,0.7677553296089172
aime24:d7c47fba84b4bcd1b0fac5a069b1924a7827f3b015be620b42ae4c4e729d33b3,aime24,TRSD 64,16,0.03860479220747948,0.23554342985153198,0.1118423342704773,0.4748268127441406
