method,trajectory,optimizer_update,training_step,trajectory_microsteps,chunk_size_tokens,response_tokens,distillation_loss,teacher_student_reverse_kl,student_token_nll,episode_seconds,projection_alpha,projected_target_kl,kl_budget,query_id
Privilege-SD 64,1,1,32,32,128,4096,0.02182911115232855,0.02182911115232855,0.19340990763157606,123.10129424603656,,,,deepmath:000396a98596544c4efcf7920bd3593967798c51453c9b87fd9fce5e5671dff9
Privilege-SD 64,2,2,64,32,128,4096,0.006540843885886716,0.006540843885886716,0.09505459293723106,123.39935970801162,,,,deepmath:0004c6dd393a6e2adcaa8b18b7e87d3f2bb7f3e51d739c2a5c4295824af67be0
Privilege-SD 64,3,3,96,32,128,4096,0.005889393603865756,0.005889393603865756,0.1400402570143342,122.95483366097324,,,,deepmath:00080e19a89caf5e89e3c03f2ed4e42a14af9cbba3ffb24665ce6b7e71498f8e
Privilege-SD 64,4,4,128,32,128,4096,0.011448284407379106,0.011448284407379106,0.21109999483451247,122.60077837802237,,,,deepmath:0009caf591ccc2b1ced8c9237dc60901c08b60814fbf5bdb5c140c9440499f38
Privilege-SD 64,5,5,160,32,128,4096,0.010261164970870595,0.010261164970870595,0.1315949158743024,122.37005208601477,,,,deepmath:000bec85574983ccd7fa789e3004278a170c434e5fed0c2670a2675e45795fd0
Privilege-SD 64,6,6,192,32,128,4096,0.030317336746520596,0.030317336746520596,0.24552086554467678,122.45013941999059,,,,deepmath:000ce126a7cd12f004824d5218ae1bd505e3b61f8ca9acf5a135cd5649457bad
Privilege-SD 64,7,7,224,32,128,4096,0.014140837549348362,0.014140837549348362,0.2139062681235373,122.77294663398061,,,,deepmath:0010c2479ec729a3849fb9597d860ccbe10c6b5fdedb63084ef3a2f9aa00899c
Privilege-SD 64,8,8,256,32,128,4096,0.020389556215377524,0.020389556215377524,0.19470671890303493,124.56888836302096,,,,deepmath:00110ba1c0fc2813cfb009f0fd0c8464282dec9f8c4bcb7a75baef9477efaca2
Privilege-SD 64,9,9,288,32,128,4093,0.016263246743619675,0.016263245926446797,0.24338744224326522,124.530677510018,,,,deepmath:00113db063e1c3e78d585294481d46b878a50973b15386daabb17d70997a9641
Privilege-SD 64,10,10,320,32,128,4096,0.015329110974562354,0.015329110974562354,0.2322557345032692,125.10264804196777,,,,deepmath:0017bfb4db362431d2d67e122109b658e0ae133af418c50d20d309d5e6cbee4e
Privilege-SD 64,11,11,352,32,128,4096,0.010956093194181449,0.010956093194181449,0.1661003939807415,123.4035315120127,,,,deepmath:0019d522f65921ae7716a06a3640a9dd001b2cc37cb81d918f42a17df2e56d08
Privilege-SD 64,12,12,384,32,128,4096,0.013840521642123349,0.013840521642123349,0.19481306849047542,123.15944779699203,,,,deepmath:001ad0c6d02140cf28c798e3f7ae71bbd9e725fa3d997a64f91ffda63abfae6f
Privilege-SD 64,13,13,412,28,128,3578,0.017428048035071697,0.017428048184092583,0.1818474737074603,108.06011038698489,,,,deepmath:001c5b850b4838e15526cabbcaefcfface733f398c58069d733ab43514528437
Privilege-SD 64,14,14,444,32,128,4096,0.011579891288420185,0.011579891288420185,0.22964676236733794,122.86322258698056,,,,deepmath:002077dd6c1ff0e84014b2317f2afa082d05bd30adb11e1c285ac97102b453b2
Privilege-SD 64,15,15,476,32,128,4096,0.015588858870614786,0.015588858870614786,0.2096041450276971,121.61917709599948,,,,deepmath:0021b0ab1a3d40bbda1f867883fcc2b471e8004bb1ceef94ae4d945a04331051
Privilege-SD 64,16,16,508,32,128,4096,0.013205699913669378,0.013205699913669378,0.1917895539663732,120.66816627199296,,,,deepmath:002231f1b4a81d1c3cd79b293ba11d6b0932a0a289f012ae4c37e53cceb8085e
Privilege-SD 64,17,17,540,32,128,4096,0.0054265706348815,0.0054265706348815,0.12047837255522609,119.81611213897122,,,,deepmath:0023b171598bb9951d85c97138dffaa339dd71e418de52289f17b1c2accb2bf7
Privilege-SD 64,18,18,572,32,128,4096,0.0159893930904218,0.0159893930904218,0.15184904960915446,120.06061126897112,,,,deepmath:0024f2386f12d2ffd829ce0edb4b52255c884198a0ab4512921b16a489ef0e33
Privilege-SD 64,19,19,596,24,128,2969,0.03442719503073022,0.0344271956268245,0.1656894394748337,86.20434202405158,,,,deepmath:0024f4e3c836265ce9de50bc1570408221a74b8c963e77c81a3a6638cd12eb9a
Privilege-SD 64,20,20,628,32,128,4096,0.010824788572790567,0.010824788572790567,0.1595334499143064,118.2487498850096,,,,deepmath:00256fe2b7cb245266e332d3cea7caae53d541c5529ab9c8a7bdc11a67e7cbbc
Privilege-SD 64,21,21,660,32,128,4096,0.010875587759073824,0.010875587759073824,0.142968128900975,117.13789224799257,,,,deepmath:0025b8fa07fb4804df8b60a33ac0e754a500755c86cd42f4523c68c5448a39bd
Privilege-SD 64,22,22,692,32,128,4096,0.011577029090517499,0.011577029090517499,0.12691705906763673,116.4266017859918,,,,deepmath:00305fc24c2fc85f439eef8ee27e2438a61faa8c730626b33cc2cd77e98ce7e3
Privilege-SD 64,23,23,721,29,128,3607,0.014734650384809811,0.014734650891631043,0.09504505164873775,102.94037294603186,,,,deepmath:003067ef78fc841f6ac3c3129143429ceb0f761eb3f4a1c23939abdc0e7ac9b4
Privilege-SD 64,24,24,753,32,128,4096,0.006428292475902708,0.006428292475902708,0.08516603102907538,116.76162220799597,,,,deepmath:0030a39029723cf4d2824fd7ff62334d027102bd1ba42320b18e529b88b130f9
Privilege-SD 64,25,25,785,32,128,4096,0.01586126933398191,0.01586126933398191,0.10801605647429824,117.77866445702966,,,,deepmath:0032318139255abd2fb48e206ecc904b66dc536f2614324133a848ca0b62703a
Privilege-SD 64,26,26,817,32,128,4096,0.016762709215981886,0.016762709215981886,0.12551506469026208,116.88330313295592,,,,deepmath:003412a3995cee9376a190a014939f06674cd6a6d7b35c1a7522a50b973e57ac
Privilege-SD 64,27,27,849,32,128,4096,0.008514823603036348,0.008514823603036348,0.09229616168886423,116.69216823804891,,,,deepmath:003830d329c5036826b544eb05a5af80dbd2a359aac850da0dcacfeb6716cafe
Privilege-SD 64,28,28,881,32,128,4096,0.005771825273768627,0.005771825273768627,0.09617181587964296,116.54209483903833,,,,deepmath:0038b4ece49376da9b176b48022b326becfa6d8b990467ff138402e37539558d
Privilege-SD 64,29,29,913,32,128,4096,0.015490713303734083,0.015490713303734083,0.128927790094167,116.66184312599944,,,,deepmath:003dcaad84f5c21a1487c54b23209c79a90072273df7a29e35dd63845b52107f
Privilege-SD 64,30,30,945,32,128,4096,0.012158499674114864,0.012158499674114864,0.11851948359981179,116.4275863369694,,,,deepmath:003dd754a0b261d696d349dddb4a34ef7d50972c4201891c23ff46d4ef00bede
Privilege-SD 64,31,31,977,32,128,4096,0.011096451664343476,0.011096451664343476,0.11701950430870056,117.89638239500346,,,,deepmath:003e4e800a59d605dcd72b1719d992d346b01b6e895f6a92a7b12f39b58aaaa1
Privilege-SD 64,32,32,989,12,128,1534,0.05362120294012129,0.05362120441694148,0.16644667957410353,44.04472575802356,,,,deepmath:003f11a5f8ee77c15cb77c3af9f2a4a07b00c80d0646b49748e70794c6d00e00
Privilege-SD 64,33,33,1021,32,128,4096,0.018642094230017392,0.018642094230017392,0.11680986965075135,116.65829205600312,,,,deepmath:0042ff3872891ac71b4a7bf6a9e70c583bb12a3253c423f3b438d1ce982fd773
Privilege-SD 64,34,34,1053,32,128,4096,0.007216088408313226,0.007216088408313226,0.09160533174872398,115.7070984430029,,,,deepmath:00465b0dba3ed87e4b7c8e6a307870f90d33588ebf9e5928f0b570bdaf1e2a96
Privilege-SD 64,35,35,1085,32,128,4096,0.01355491709546186,0.01355491709546186,0.09340168396010995,117.16753809299553,,,,deepmath:00483c5e025c9dff3522155103e5ac71456db89cf7720691de75cdaeff69e3cc
Privilege-SD 64,36,36,1117,32,128,4096,0.013239993262686767,0.013239993262686767,0.09909982280805707,116.21505395096028,,,,deepmath:004cad66393fc699153db15fa50b9068d07fb36707ae0e10a5acc9827a78cd55
Privilege-SD 64,37,37,1149,32,128,4096,0.011449849465861917,0.011449849465861917,0.09966720268130302,119.06902498001,,,,deepmath:004fbec5f3d0f4836287dc846f18743dc62e33181d7743963994345dfc05d580
Privilege-SD 64,38,38,1181,32,128,4096,0.01594831742113456,0.01594831742113456,0.11175095709040761,117.99322045198642,,,,deepmath:005a74061981d1174955f0d339217a910c724ac259267990b75a859417309ba5
Privilege-SD 64,39,39,1213,32,128,4096,0.014921358771971427,0.014921358771971427,0.10526628606021404,116.25962071900722,,,,deepmath:005a8826414aec0cdf8fdb68a2c9759982ac52715514f8930b08d67176e76b8a
Privilege-SD 64,40,40,1245,32,128,4096,0.013418132803053595,0.013418132803053595,0.12669944670051336,117.17807032400742,,,,deepmath:005ef7c198b0f12d759d3c44022c5b9b6835885d9adedf3299a5a841dfa37606
Privilege-SD 64,41,41,1277,32,128,4096,0.009784470435988624,0.009784470435988624,0.11406381195411086,118.14176179503556,,,,deepmath:005fcaa3cd5ce509ada79200159f2963f75cce3f4b342e909dcce691603f6363
Privilege-SD 64,42,42,1309,32,128,4096,0.00892898443271406,0.00892898443271406,0.14651528000831604,117.83210616797442,,,,deepmath:005ff290fdf393d59a5b8d4290edb9fc45fd31cbc060c53fe670a49e1a707207
Privilege-SD 64,43,43,1341,32,128,4096,0.009535998979117721,0.009535998979117721,0.11024263454601169,117.24256600101944,,,,deepmath:006019d0d8727759a668b590d4d18310ef26f000198fc45615c8344f1836bc4c
Privilege-SD 64,44,44,1367,26,128,3240,0.01213430167945262,0.012134301058235175,0.09679095362439567,92.8084659060114,,,,deepmath:0062d8df17cfc213a76d55cf9f0fcc49bf35eb2f8d4e3ef22a079fc8050263b5
Privilege-SD 64,45,45,1399,32,128,4096,0.017902167897773325,0.017902167897773325,0.14984283782541752,118.13710478501162,,,,deepmath:006a6296970c739aec0280d9a66a4cea45836909b1d98923d278f9d94eb62692
Privilege-SD 64,46,46,1431,32,128,4096,0.016369495788239874,0.016369495788239874,0.19481681752949953,118.32993665098911,,,,deepmath:006aa68dbaf5b654ad3071979c89dfa8a1b353843094321f7bbcd771349e6303
Privilege-SD 64,47,47,1454,23,128,2864,0.028751656751410337,0.0287516576981994,0.2045398051512308,86.00428423902486,,,,deepmath:006c20fbdd524d08de9e89f371a1028b99a786d0f46aa240fbc25f4ffb877deb
Privilege-SD 64,48,48,1486,32,128,4096,0.008604331807873677,0.008604331807873677,0.08059231843799353,122.44921175204217,,,,deepmath:006dc7e74a6c3850528e77c89f42357031e793700d0f5f4758cdbb3cc38bfce7
Privilege-SD 64,49,49,1518,32,128,4096,0.011181198759004474,0.011181198759004474,0.13727855496108532,117.22797078895383,,,,deepmath:006ee740e3abf3acfb855487b476f329ba01c7f442dcea89e1b62c1a84b2f82b
Privilege-SD 64,50,50,1550,32,128,4096,0.0158346735406667,0.0158346735406667,0.20191041799262166,117.29344981000759,,,,deepmath:0072530d36b2fe8963e61adb9abcf872fe99ac784e35ebdb7d493a9c9ddc8c73
Privilege-SD 64,51,51,1582,32,128,4096,0.009103229436732363,0.009103229436732363,0.13508382299914956,122.21620766201522,,,,deepmath:0072a410ec2ad19dff87ce7c3854f83df91a11de998171c990d6ca603379c276
Privilege-SD 64,52,52,1614,32,128,4096,0.011202477238839492,0.011202477238839492,0.12693547690287232,121.8534512949991,,,,deepmath:00757aaaa1947c28b2354d393d3d6b3997eedb797aaa9adb240d92236e4e5cbd
Privilege-SD 64,53,53,1629,15,128,1796,0.0358868142521942,0.03588681323872516,0.13397728892370958,54.539573594985995,,,,deepmath:007584128ece78d87b2918b9c9a40bf6440654fd04dbc074f4cee50f83651029
Privilege-SD 64,54,54,1661,32,128,4096,0.010883902345085517,0.010883902345085517,0.19729389948770404,122.36672402103432,,,,deepmath:00765d46d60d516368b3882f1790d110b557b285c44e4de4bc77151a88178d01
Privilege-SD 64,55,55,1693,32,128,4096,0.013522757639293559,0.013522757639293559,0.12077650520950556,122.33641761401668,,,,deepmath:0076d82cd80345e2fef2aa0e8075b95dc5aa7fc14bfd5309ea5a9e82b0c997de
Privilege-SD 64,56,56,1717,24,128,3059,0.013173886368349486,0.013173886944106608,0.1000590771777679,91.11213445203612,,,,deepmath:0078489488852fcf62ea236485cfb162411bdbaa4dfa7917c982e26b6f956d74
Privilege-SD 64,57,57,1738,21,128,2618,0.015483215582207777,0.015483215086964635,0.21006086639450924,78.68082128604874,,,,deepmath:00792ef532c63549590ae6ba78dbff2fd1b98206fb3b7db8a0481c3e4dc68005
Privilege-SD 64,58,58,1770,32,128,4096,0.014597930858144537,0.014597930858144537,0.1752754021435976,122.49927191797178,,,,deepmath:007bd5213ed53954fc9cea10022b7c2eeedd93a590a6b87867dd71396df24547
Privilege-SD 64,59,59,1799,29,128,3638,0.012401726886309916,0.012401726848480137,0.18813891984919653,110.87942139594816,,,,deepmath:007ebc494c1ba6694022a6ae814c36264169fc2670594568135ed0ecbceb69e6
Privilege-SD 64,60,60,1831,32,128,4096,0.02504268055781722,0.02504268055781722,0.22579268598929048,124.66461479302961,,,,deepmath:007f22293e9b6868f90b4c24378641097b6637f2d463c8c3e69540a9a12d779d
Privilege-SD 64,61,61,1855,24,128,3053,0.01813225963996956,0.01813225956225528,0.2414807676683283,92.78432029497344,,,,deepmath:0081b6f03c24a7151ca8a2b8dbbd8b75f6227f8068a3c43d88a3e7227583aa8c
Privilege-SD 64,62,62,1887,32,128,4096,0.00789861757948529,0.00789861757948529,0.2081158636137843,124.21870909701101,,,,deepmath:0086c010b9d632e4f89d32600eb4f1403cb9e9e260fcaf3d01d216fae135540f
Privilege-SD 64,63,63,1910,23,128,2832,0.009212200432216378,0.009212200507511106,0.12908224534180204,90.56527677795384,,,,deepmath:0087f799089ae3e7e95c866954aaf8445958600cfd429f972e0229473c455471
Privilege-SD 64,64,64,1932,22,128,2690,0.014061096218142666,0.014061096097173023,0.08975753287843612,85.29984721599612,,,,deepmath:008bf863b4040bc64f4359e5b0b35ddec9723395cfa59765a88a066679c8357b
TRSD 64,1,1,48,48,128,6036,0.005024046110236213,0.0050240459084227515,0.18782390420052925,1963.951380406972,0.390625,0.0037767863240694127,0.004,deepmath:000396a98596544c4efcf7920bd3593967798c51453c9b87fd9fce5e5671dff9
TRSD 64,2,2,115,67,128,8449,0.0050297456881782665,0.005029745668951382,0.11475668880188587,987.9579715268919,0.734375,0.003947458429624584,0.004,deepmath:0004c6dd393a6e2adcaa8b18b7e87d3f2bb7f3e51d739c2a5c4295824af67be0
TRSD 64,3,3,194,79,128,10088,0.00489692908104189,0.004896929104274034,0.15008806709634417,802.4220703400206,0.84375,0.003943116115339686,0.004,deepmath:00080e19a89caf5e89e3c03f2ed4e42a14af9cbba3ffb24665ce6b7e71498f8e
TRSD 64,4,4,265,71,128,9003,0.004948572103785409,0.004948572177983225,0.23380776324511024,290.05389190500136,0.546875,0.003955586796114806,0.004,deepmath:0009caf591ccc2b1ced8c9237dc60901c08b60814fbf5bdb5c140c9440499f38
TRSD 64,5,5,319,54,128,6852,0.004949624490791393,0.004949624582492272,0.13090745427075423,222.07212564197835,0.703125,0.003990807759989286,0.004,deepmath:000bec85574983ccd7fa789e3004278a170c434e5fed0c2670a2675e45795fd0
TRSD 64,6,6,371,52,128,6599,0.005060774394678447,0.005060774274876053,0.2200937524024673,220.2552185410168,0.375,0.003923295034852953,0.004,deepmath:000ce126a7cd12f004824d5218ae1bd505e3b61f8ca9acf5a135cd5649457bad
TRSD 64,7,7,450,79,128,10038,0.004753379755129572,0.004753379833712524,0.21976097876105466,315.3871004070388,0.546875,0.003983926278147286,0.004,deepmath:0010c2479ec729a3849fb9597d860ccbe10c6b5fdedb63084ef3a2f9aa00899c
TRSD 64,8,8,529,79,128,10069,0.004934394957672339,0.004934395095989239,0.19533011981730358,316.19102397491224,0.453125,0.0039058947414588947,0.004,deepmath:00110ba1c0fc2813cfb009f0fd0c8464282dec9f8c4bcb7a75baef9477efaca2
TRSD 64,9,9,572,43,128,5490,0.005016847829210747,0.005016847750093985,0.23521421290051958,175.4020722360583,0.453125,0.0039243484435022855,0.004,deepmath:00113db063e1c3e78d585294481d46b878a50973b15386daabb17d70997a9641
TRSD 64,10,10,651,79,128,10101,0.0049465063493698835,0.004946506357691026,0.23197778849634318,317.69571183098014,0.484375,0.0038928611761106734,0.004,deepmath:0017bfb4db362431d2d67e122109b658e0ae133af418c50d20d309d5e6cbee4e
TRSD 64,11,11,704,53,128,6693,0.005146270072373227,0.00514627029919204,0.1872703951783339,212.7727598049678,0.5625,0.003981369454594545,0.004,deepmath:0019d522f65921ae7716a06a3640a9dd001b2cc37cb81d918f42a17df2e56d08
TRSD 64,12,12,751,47,128,6001,0.0051122483073413605,0.005112248096212191,0.19442344478638326,191.05040120601188,0.53125,0.003956325814671723,0.004,deepmath:001ad0c6d02140cf28c798e3f7ae71bbd9e725fa3d997a64f91ffda63abfae6f
TRSD 64,13,13,781,30,128,3793,0.0049008317164407345,0.00490083146497564,0.19294324060747312,121.78955443494488,0.4375,0.0037590855339209575,0.004,deepmath:001c5b850b4838e15526cabbcaefcfface733f398c58069d733ab43514528437
TRSD 64,14,14,860,79,128,10089,0.004923403152588435,0.004923403053362148,0.19851329794770392,317.11205776804127,0.546875,0.0038910183096643315,0.004,deepmath:002077dd6c1ff0e84014b2317f2afa082d05bd30adb11e1c285ac97102b453b2
TRSD 64,15,15,934,74,128,9417,0.004738090155399277,0.004738090306364599,0.20591186704916142,298.76817461499013,0.5625,0.0039837004799719,0.004,deepmath:0021b0ab1a3d40bbda1f867883fcc2b471e8004bb1ceef94ae4d945a04331051
TRSD 64,16,16,998,64,128,8084,0.004734920087344108,0.0047349203036953355,0.17283869851408237,257.4021045860136,0.59375,0.0038762474268995584,0.004,deepmath:002231f1b4a81d1c3cd79b293ba11d6b0932a0a289f012ae4c37e53cceb8085e
TRSD 64,17,17,1077,79,128,10093,0.004649834913834638,0.004649834871811802,0.13024201483364137,317.72815780097153,0.890625,0.003911417710300387,0.004,deepmath:0023b171598bb9951d85c97138dffaa339dd71e418de52289f17b1c2accb2bf7
TRSD 64,18,18,1157,80,128,10138,0.004679388410750107,0.004679388532179492,0.15248012599166175,322.7097123180283,0.53125,0.003929373711379917,0.004,deepmath:0024f2386f12d2ffd829ce0edb4b52255c884198a0ab4512921b16a489ef0e33
TRSD 64,19,19,1178,21,128,2613,0.004511656876275083,0.004511656956030772,0.15021970305824206,86.51732870808337,0.328125,0.0037437271924851225,0.004,deepmath:0024f4e3c836265ce9de50bc1570408221a74b8c963e77c81a3a6638cd12eb9a
TRSD 64,20,20,1226,48,128,6141,0.00473612197311013,0.004736121837944496,0.1561867829313342,196.33356068795547,0.65625,0.00398198578508528,0.004,deepmath:00256fe2b7cb245266e332d3cea7caae53d541c5529ab9c8a7bdc11a67e7cbbc
TRSD 64,21,21,1253,27,128,3386,0.004438432529241254,0.004438432368102752,0.14440378661135986,109.32005305099301,0.53125,0.00392463206375712,0.004,deepmath:0025b8fa07fb4804df8b60a33ac0e754a500755c86cd42f4523c68c5448a39bd
TRSD 64,22,22,1298,45,128,5720,0.004637972439695659,0.004637972263853762,0.11236087058807587,183.81615384598263,0.671875,0.003919527602342928,0.004,deepmath:00305fc24c2fc85f439eef8ee27e2438a61faa8c730626b33cc2cd77e98ce7e3
TRSD 64,23,23,1332,34,128,4334,0.00392361497733873,0.0039236151003444256,0.10393128045209278,139.90985206095502,0.515625,0.003801625829669645,0.004,deepmath:003067ef78fc841f6ac3c3129143429ceb0f761eb3f4a1c23939abdc0e7ac9b4
TRSD 64,24,24,1364,32,128,4094,0.004693949477314163,0.004693949469977114,0.09387601732217689,132.94446758599952,0.734375,0.003931900211548479,0.004,deepmath:0030a39029723cf4d2824fd7ff62334d027102bd1ba42320b18e529b88b130f9
TRSD 64,25,25,1440,76,128,9694,0.0041419972350212695,0.00414199721712032,0.1127238217545264,301.9826955659082,0.59375,0.003808351907971242,0.004,deepmath:0032318139255abd2fb48e206ecc904b66dc536f2614324133a848ca0b62703a
TRSD 64,26,26,1520,80,128,10120,0.004457001796901672,0.004457001872464813,0.1343809142885472,331.3832489689812,0.484375,0.003994443287292921,0.004,deepmath:003412a3995cee9376a190a014939f06674cd6a6d7b35c1a7522a50b973e57ac
TRSD 64,27,27,1600,80,128,10124,0.0043420621883569765,0.004342062322990266,0.10183845476311028,360.8255935019115,0.6875,0.0038408770443778156,0.004,deepmath:003830d329c5036826b544eb05a5af80dbd2a359aac850da0dcacfeb6716cafe
TRSD 64,28,28,1679,79,128,10112,0.004427433698083405,0.004427433576835673,0.09794025179706042,360.79758836200926,0.828125,0.00396685804404529,0.004,deepmath:0038b4ece49376da9b176b48022b326becfa6d8b990467ff138402e37539558d
TRSD 64,29,29,1727,48,128,6080,0.004542667002169765,0.004542666803555269,0.1338093218050505,221.10123211692553,0.484375,0.003913281648419797,0.004,deepmath:003dcaad84f5c21a1487c54b23209c79a90072273df7a29e35dd63845b52107f
TRSD 64,30,30,1806,79,128,10109,0.004425890690527012,0.004425890775424506,0.11027929098672855,354.9308309290791,0.625,0.0038326328414131994,0.004,deepmath:003dd754a0b261d696d349dddb4a34ef7d50972c4201891c23ff46d4ef00bede
TRSD 64,31,31,1874,68,128,8677,0.004335378041105287,0.0043353781037971115,0.115962975803053,291.38782079995144,0.5625,0.003952374121341011,0.004,deepmath:003e4e800a59d605dcd72b1719d992d346b01b6e895f6a92a7b12f39b58aaaa1
TRSD 64,32,32,1889,15,128,1799,0.004264272755410303,0.004264272808398064,0.17455358330311543,63.197837419924326,0.265625,0.003930618239154733,0.004,deepmath:003f11a5f8ee77c15cb77c3af9f2a4a07b00c80d0646b49748e70794c6d00e00
TRSD 64,33,33,1911,22,128,2816,0.00434192346438067,0.00434192335921001,0.11036207255992023,96.10316287609749,0.46875,0.003936902087430512,0.004,deepmath:0042ff3872891ac71b4a7bf6a9e70c583bb12a3253c423f3b438d1ce982fd773
TRSD 64,34,34,1990,79,128,10109,0.003966208723340969,0.003966208832582223,0.08087393333985245,337.33516773895826,0.84375,0.0038606478672451408,0.004,deepmath:00465b0dba3ed87e4b7c8e6a307870f90d33588ebf9e5928f0b570bdaf1e2a96
TRSD 64,35,35,2032,42,128,5272,0.0042945069072573006,0.004294506966538991,0.09726306845819824,177.68529273103923,0.5625,0.0038343256014651494,0.004,deepmath:00483c5e025c9dff3522155103e5ac71456db89cf7720691de75cdaeff69e3cc
TRSD 64,36,36,2110,78,128,9964,0.004183333035371106,0.004183333069972158,0.08608243648233493,332.73342014395166,0.625,0.0038872120830158257,0.004,deepmath:004cad66393fc699153db15fa50b9068d07fb36707ae0e10a5acc9827a78cd55
TRSD 64,37,37,2144,34,128,4268,0.004362191818927386,0.00436219172822809,0.08330869451235026,144.35724526294507,0.609375,0.003918120515774569,0.004,deepmath:004fbec5f3d0f4836287dc846f18743dc62e33181d7743963994345dfc05d580
TRSD 64,38,38,2205,61,128,7770,0.004033529985917994,0.004033529761809486,0.10528369471526668,261.72609626094345,0.5,0.003798965250107159,0.004,deepmath:005a74061981d1174955f0d339217a910c724ac259267990b75a859417309ba5
TRSD 64,39,39,2255,50,128,6371,0.004330338362251496,0.004330338212351394,0.09192139214351176,214.3682695350144,0.53125,0.003862659649648915,0.004,deepmath:005a8826414aec0cdf8fdb68a2c9759982ac52715514f8930b08d67176e76b8a
TRSD 64,40,40,2318,63,128,7998,0.004145261456869775,0.004145261251455428,0.11948974778217565,270.3940041450551,0.5625,0.003985705133830273,0.004,deepmath:005ef7c198b0f12d759d3c44022c5b9b6835885d9adedf3299a5a841dfa37606
TRSD 64,41,41,2398,80,128,10116,0.004463125181700889,0.004463125280991709,0.11047533520977221,338.7468646230409,0.578125,0.003910048127899107,0.004,deepmath:005fcaa3cd5ce509ada79200159f2963f75cce3f4b342e909dcce691603f6363
TRSD 64,42,42,2463,65,128,8289,0.00437196849634347,0.004371968404830243,0.11372384945637844,278.59734847501386,0.703125,0.0039121322482685,0.004,deepmath:005ff290fdf393d59a5b8d4290edb9fc45fd31cbc060c53fe670a49e1a707207
TRSD 64,43,43,2537,74,128,9382,0.004388598283185274,0.004388598241769627,0.10461850248656784,314.88288111495785,0.6875,0.003956494188109705,0.004,deepmath:006019d0d8727759a668b590d4d18310ef26f000198fc45615c8344f1836bc4c
TRSD 64,44,44,2569,32,128,3984,0.004559592198532414,0.004559592303133151,0.08168770941385782,134.89330875198357,0.578125,0.003859795507002808,0.004,deepmath:0062d8df17cfc213a76d55cf9f0fcc49bf35eb2f8d4e3ef22a079fc8050263b5
TRSD 64,45,45,2586,17,128,2082,0.004238841644109925,0.004238841734919608,0.12635105510495467,71.51768777496181,0.40625,0.0038621597221044253,0.004,deepmath:006a6296970c739aec0280d9a66a4cea45836909b1d98923d278f9d94eb62692
TRSD 64,46,46,2665,79,128,10075,0.00416088795327596,0.0041608880940944915,0.11890367190831944,334.3038071990013,0.5,0.0037937408497108714,0.004,deepmath:006aa68dbaf5b654ad3071979c89dfa8a1b353843094321f7bbcd771349e6303
TRSD 64,47,47,2692,27,128,3390,0.004437612004039693,0.00443761202350127,0.15710347212169726,116.11855187197216,0.34375,0.00371832793666418,0.004,deepmath:006c20fbdd524d08de9e89f371a1028b99a786d0f46aa240fbc25f4ffb877deb
TRSD 64,48,48,2743,51,128,6491,0.004282943039015663,0.004282943007081834,0.08955085576912082,219.49261386098806,0.625,0.003954076811647152,0.004,deepmath:006dc7e74a6c3850528e77c89f42357031e793700d0f5f4758cdbb3cc38bfce7
TRSD 64,49,49,2791,48,128,6019,0.004148531234729011,0.004148531234708163,0.09656939591298291,203.2868183470564,0.515625,0.003826226666872866,0.004,deepmath:006ee740e3abf3acfb855487b476f329ba01c7f442dcea89e1b62c1a84b2f82b
TRSD 64,50,50,2829,38,128,4770,0.004335765825089766,0.004335765815896433,0.17147636173656153,161.83269758499227,0.5,0.003922869261174582,0.004,deepmath:0072530d36b2fe8963e61adb9abcf872fe99ac784e35ebdb7d493a9c9ddc8c73
TRSD 64,51,51,2908,79,128,10073,0.004506245092215977,0.004506245077212565,0.11314684791076411,339.09323952393606,0.59375,0.003911907441161848,0.004,deepmath:0072a410ec2ad19dff87ce7c3854f83df91a11de998171c990d6ca603379c276
TRSD 64,52,52,2987,79,128,10106,0.004191686012980256,0.004191686059617782,0.09605919316856314,336.39272941008676,0.609375,0.0038303264551750402,0.004,deepmath:00757aaaa1947c28b2354d393d3d6b3997eedb797aaa9adb240d92236e4e5cbd
TRSD 64,53,53,2998,11,128,1314,0.003928447121325007,0.0039284470557735575,0.10533807919994337,45.9334633089602,0.34375,0.0036739791088554684,0.004,deepmath:007584128ece78d87b2918b9c9a40bf6440654fd04dbc074f4cee50f83651029
TRSD 64,54,54,3077,79,128,10033,0.0041093374966294505,0.004109337394204012,0.10769360554749405,333.3371936730109,0.578125,0.003927125999581288,0.004,deepmath:00765d46d60d516368b3882f1790d110b557b285c44e4de4bc77151a88178d01
TRSD 64,55,55,3115,38,128,4857,0.004320504730912944,0.004320504673443534,0.08455304371026998,164.0738761019893,0.546875,0.0038076696584922725,0.004,deepmath:0076d82cd80345e2fef2aa0e8075b95dc5aa7fc14bfd5309ea5a9e82b0c997de
TRSD 64,56,56,3141,26,128,3235,0.003848493918439999,0.003848494035141453,0.08448425068921615,109.41895692795515,0.453125,0.0037709207895861067,0.004,deepmath:0078489488852fcf62ea236485cfb162411bdbaa4dfa7917c982e26b6f956d74
TRSD 64,57,57,3178,37,128,4653,0.0041473731407677406,0.004147373102229051,0.14749072911327893,157.74296045396477,0.46875,0.0037544242414817384,0.004,deepmath:00792ef532c63549590ae6ba78dbff2fd1b98206fb3b7db8a0481c3e4dc68005
TRSD 64,58,58,3257,79,128,10099,0.0035902936438924533,0.0035902935234691726,0.02796605596779384,334.8484642490512,1.0,0.0037293342234602047,0.004,deepmath:007bd5213ed53954fc9cea10022b7c2eeedd93a590a6b87867dd71396df24547
TRSD 64,59,59,3280,23,128,2845,0.004116624691960169,0.004116624555761659,0.12565840937341244,98.21460105897859,0.515625,0.0038807138473266876,0.004,deepmath:007ebc494c1ba6694022a6ae814c36264169fc2670594568135ed0ecbceb69e6
TRSD 64,60,60,3319,39,128,4989,0.004371536299913714,0.004371536168719514,0.1653096479460624,169.822581044049,0.40625,0.0039021307873203796,0.004,deepmath:007f22293e9b6868f90b4c24378641097b6637f2d463c8c3e69540a9a12d779d
TRSD 64,61,61,3346,27,128,3407,0.004321694241298246,0.0043216942603685376,0.1751800276227525,117.36674014700111,0.4375,0.003790677014748162,0.004,deepmath:0081b6f03c24a7151ca8a2b8dbbd8b75f6227f8068a3c43d88a3e7227583aa8c
TRSD 64,62,62,3375,29,128,3618,0.003927585354176699,0.003927585493563172,0.14429421580384752,124.15537958289497,0.640625,0.0038874238101902457,0.004,deepmath:0086c010b9d632e4f89d32600eb4f1403cb9e9e260fcaf3d01d216fae135540f
TRSD 64,63,63,3398,23,128,2847,0.003852348733445865,0.0038523485938971036,0.08602244568407054,98.19960775692016,0.484375,0.003920905062722646,0.004,deepmath:0087f799089ae3e7e95c866954aaf8445958600cfd429f972e0229473c455471
TRSD 64,64,64,3413,15,128,1796,0.0038520954049090506,0.003852095303902473,0.0775835848598013,62.600774846971035,0.4375,0.0038102801190689206,0.004,deepmath:008bf863b4040bc64f4359e5b0b35ddec9723395cfa59765a88a066679c8357b
